#SampleID	subject	treatment	visit	treatment_visit	batch	age
#q2:types	categorical	categorical	categorical	categorical	categorical	numeric
S01_BL	P01	antibiotic	baseline	antibiotic_baseline	B1	59
S01_D14	P01	antibiotic	day14	antibiotic_day14	B1	59
S02_BL	P02	antibiotic	baseline	antibiotic_baseline	B2	29
S02_D14	P02	antibiotic	day14	antibiotic_day14	B2	29
S03_BL	P03	antibiotic	baseline	antibiotic_baseline	B1	46
S03_D14	P03	antibiotic	day14	antibiotic_day14	B1	46
S04_BL	P04	antibiotic	baseline	antibiotic_baseline	B2	43
S04_D14	P04	antibiotic	day14	antibiotic_day14	B2	43
S05_BL	P05	antibiotic	baseline	antibiotic_baseline	B1	26
S05_D14	P05	antibiotic	day14	antibiotic_day14	B1	26
S06_BL	P06	antibiotic	baseline	antibiotic_baseline	B2	30
S06_D14	P06	antibiotic	day14	antibiotic_day14	B2	30
S07_BL	P07	antibiotic	baseline	antibiotic_baseline	B1	70
S07_D14	P07	antibiotic	day14	antibiotic_day14	B1	70
S08_BL	P08	antibiotic	baseline	antibiotic_baseline	B2	22
S08_D14	P08	antibiotic	day14	antibiotic_day14	B2	22
S09_BL	P09	antibiotic	baseline	antibiotic_baseline	B1	60
S09_D14	P09	antibiotic	day14	antibiotic_day14	B1	60
S10_BL	P10	antibiotic	baseline	antibiotic_baseline	B2	36
S10_D14	P10	antibiotic	day14	antibiotic_day14	B2	36
S11_BL	P11	antibiotic	baseline	antibiotic_baseline	B1	68
S11_D14	P11	antibiotic	day14	antibiotic_day14	B1	68
S12_BL	P12	antibiotic	baseline	antibiotic_baseline	B2	25
S12_D14	P12	antibiotic	day14	antibiotic_day14	B2	25
S13_BL	P13	antibiotic	baseline	antibiotic_baseline	B1	67
S13_D14	P13	antibiotic	day14	antibiotic_day14	B1	67
S14_BL	P14	antibiotic	baseline	antibiotic_baseline	B2	24
S14_D14	P14	antibiotic	day14	antibiotic_day14	B2	24
S15_BL	P15	antibiotic	baseline	antibiotic_baseline	B1	57
S15_D14	P15	antibiotic	day14	antibiotic_day14	B1	57
S16_BL	P16	placebo	baseline	placebo_baseline	B2	69
S16_D14	P16	placebo	day14	placebo_day14	B2	69
S17_BL	P17	placebo	baseline	placebo_baseline	B1	52
S17_D14	P17	placebo	day14	placebo_day14	B1	52
S18_BL	P18	placebo	baseline	placebo_baseline	B2	39
S18_D14	P18	placebo	day14	placebo_day14	B2	39
S19_BL	P19	placebo	baseline	placebo_baseline	B1	30
S19_D14	P19	placebo	day14	placebo_day14	B1	30
S20_BL	P20	placebo	baseline	placebo_baseline	B2	24
S20_D14	P20	placebo	day14	placebo_day14	B2	24
S21_BL	P21	placebo	baseline	placebo_baseline	B1	39
S21_D14	P21	placebo	day14	placebo_day14	B1	39
S22_BL	P22	placebo	baseline	placebo_baseline	B2	44
S22_D14	P22	placebo	day14	placebo_day14	B2	44
S23_BL	P23	placebo	baseline	placebo_baseline	B1	23
S23_D14	P23	placebo	day14	placebo_day14	B1	23
S24_BL	P24	placebo	baseline	placebo_baseline	B2	57
S24_D14	P24	placebo	day14	placebo_day14	B2	57
S25_BL	P25	placebo	baseline	placebo_baseline	B1	70
S25_D14	P25	placebo	day14	placebo_day14	B1	70
S26_BL	P26	placebo	baseline	placebo_baseline	B2	61
S26_D14	P26	placebo	day14	placebo_day14	B2	61
S27_BL	P27	placebo	baseline	placebo_baseline	B1	52
S27_D14	P27	placebo	day14	placebo_day14	B1	52
S28_BL	P28	placebo	baseline	placebo_baseline	B2	25
S28_D14	P28	placebo	day14	placebo_day14	B2	25
S29_BL	P29	placebo	baseline	placebo_baseline	B1	48
S29_D14	P29	placebo	day14	placebo_day14	B1	48
S30_BL	P30	placebo	baseline	placebo_baseline	B2	37
S30_D14	P30	placebo	day14	placebo_day14	B2	37
