taxon_id	function_id	S01_BL	S01_D14	S02_BL	S02_D14	S03_BL	S03_D14	S04_BL	S04_D14	S05_BL	S05_D14	S06_BL	S06_D14	S07_BL	S07_D14	S08_BL	S08_D14	S09_BL	S09_D14	S10_BL	S10_D14	S11_BL	S11_D14	S12_BL	S12_D14	S13_BL	S13_D14	S14_BL	S14_D14	S15_BL	S15_D14	S16_BL	S16_D14	S17_BL	S17_D14	S18_BL	S18_D14	S19_BL	S19_D14	S20_BL	S20_D14	S21_BL	S21_D14	S22_BL	S22_D14	S23_BL	S23_D14	S24_BL	S24_D14	S25_BL	S25_D14	S26_BL	S26_D14	S27_BL	S27_D14	S28_BL	S28_D14	S29_BL	S29_D14	S30_BL	S30_D14
T001	carbohydrate_transport	0.0	0.0	0.0	34.2	0.0	0.0	0.0	0.0	12.52	0.0	0.0	0.0	0.0	27.86	13.32	155.35	0.0	54.4	8.13	29.99	0.0	15.0	7.93	55.19	0.0	0.0	0.0	0.0	0.0	0.0	12.36	0.0	0.0	0.0	0.0	0.0	0.0	22.82	0.0	18.68	0.0	10.46	0.0	0.0	0.0	4.15	0.0	0.0	0.0	9.9	0.0	0.0	11.42	0.0	0.0	10.56	0.0	25.43	0.0	8.06
T001	folate_biosynthesis	0.0	0.0	4.62	0.0	0.0	0.0	0.0	0.0	0.0	13.5	0.0	0.0	4.6	7.21	0.0	0.0	0.0	0.0	0.0	0.0	5.18	12.61	0.0	0.0	0.0	0.0	0.0	0.0	4.04	8.51	0.0	0.0	4.52	0.0	0.0	0.0	0.0	0.0	5.99	0.0	0.0	1.6	0.0	0.0	2.67	0.0	11.06	0.0	0.0	0.0	0.0	0.0	0.0	0.0	9.98	0.0	0.0	0.0	0.0	0.0
T001	blaTEM	0.0	0.0	0.0	61.19	0.0	0.0	0.0	0.0	0.0	0.0	11.87	0.0	2.79	0.0	0.0	0.0	0.0	0.0	1.14	0.0	0.0	14.12	0.0	0.0	0.0	0.0	3.53	0.0	0.0	0.0	0.0	0.0	0.0	0.0	0.0	0.0	0.0	0.0	5.88	0.0	0.0	0.0	0.0	0.0	0.0	0.0	0.0	0.0	0.0	0.0	0.0	0.0	0.0	0.0	0.0	0.0	0.0	0.0	0.0	0.0
T001	blaCTX-M	0.0	0.0	4.78	0.0	0.0	0.0	0.0	37.05	2.98	68.97	0.0	22.64	0.0	0.0	0.0	0.0	0.0	0.0	0.0	27.36	0.0	0.0	0.0	0.0	0.0	0.0	0.0	82.64	0.0	0.0	0.0	0.0	0.0	0.0	13.16	2.68	0.0	4.7	0.0	0.0	0.0	0.0	0.0	0.0	0.0	0.0	0.0	0.0	2.42	0.0	0.0	0.0	0.0	3.13	0.0	0.0	0.0	0.0	0.0	3.6
T001	qnrS	0.0	0.0	0.0	0.0	3.89	0.0	0.0	41.11	0.0	33.39	0.0	0.0	0.0	0.0	0.0	0.0	0.0	0.0	0.0	0.0	0.0	0.0	0.0	0.0	0.0	51.33	0.0	0.0	0.0	0.0	0.0	0.0	0.0	0.0	5.11	0.0	0.0	0.0	0.0	7.61	0.0	0.0	0.0	3.89	0.0	0.0	0.0	0.0	0.0	2.92	0.0	0.0	0.0	0.0	0.0	0.0	0.0	0.0	3.25	0.0
T001	sul1	0.0	15.54	0.0	0.0	0.0	33.69	8.89	0.0	0.0	0.0	0.0	0.0	0.0	0.0	0.0	20.33	0.0	0.0	0.0	0.0	1.68	10.25	0.0	22.55	0.0	0.0	0.0	0.0	0.0	0.0	0.0	0.0	0.0	0.0	3.32	0.0	0.0	0.0	0.0	0.0	0.0	5.35	0.0	0.0	0.0	0.0	0.0	0.0	0.0	0.0	0.0	0.0	0.0	0.0	0.0	0.0	0.0	0.0	13.18	0.0
T002	carbohydrate_transport	0.0	23.46	0.0	0.0	0.0	0.0	20.48	31.87	5.73	19.15	0.0	15.39	0.0	0.0	0.0	26.4	0.0	11.17	0.0	0.0	0.0	3.1	0.0	0.0	0.0	0.0	0.0	10.9	0.0	0.0	0.0	0.0	0.0	0.0	0.0	18.4	0.0	0.0	0.0	0.0	0.0	0.0	0.0	10.88	0.0	0.0	9.69	0.0	0.0	0.0	0.0	0.0	0.0	0.0	0.0	0.0	0.0	3.52	0.0	3.54
T002	folate_biosynthesis	0.0	0.0	0.0	41.74	17.84	0.0	0.0	0.0	0.0	0.0	0.0	0.0	0.0	0.0	0.0	0.0	0.0	92.7	0.0	0.0	0.0	0.0	0.0	0.0	0.0	0.0	12.23	0.0	0.0	0.0	0.0	0.0	36.24	16.43	0.0	0.0	0.0	8.35	0.0	0.0	0.0	0.0	0.0	0.0	0.0	0.0	0.0	0.0	17.91	21.79	11.84	0.0	0.0	0.0	39.63	0.0	0.0	0.0	0.0	0.0
T002	blaTEM	0.0	0.0	17.63	0.0	0.0	33.78	0.0	0.0	6.42	0.0	0.0	0.0	0.0	0.0	0.0	0.0	0.0	0.0	0.0	0.0	0.0	12.94	0.0	0.0	0.0	0.0	0.0	0.0	0.0	45.08	0.0	0.0	0.0	0.0	0.0	0.0	0.0	0.0	0.0	0.0	0.0	0.0	0.0	0.0	0.0	0.0	0.0	0.0	0.0	0.0	0.0	0.0	0.0	0.0	0.0	0.0	0.0	0.0	0.0	0.0
T002	blaCTX-M	0.0	0.0	8.96	42.55	0.0	0.0	0.0	63.31	8.87	0.0	0.0	0.0	0.0	0.0	0.0	0.0	24.94	0.0	7.6	0.0	0.0	0.0	0.0	0.0	0.0	195.38	0.0	0.0	0.0	30.84	0.0	0.0	0.0	0.0	0.0	0.0	0.0	0.0	0.0	16.65	0.0	0.0	0.0	28.98	0.0	6.18	0.0	0.0	0.0	0.0	7.35	0.0	0.0	0.0	7.95	0.0	0.0	0.0	0.0	0.0
T002	qnrS	0.0	42.68	0.0	0.0	0.0	0.0	18.07	0.0	0.0	0.0	0.0	0.0	0.0	0.0	5.83	0.0	0.0	0.0	0.0	15.29	0.0	0.0	0.0	0.0	0.0	0.0	0.0	0.0	0.0	0.0	0.0	0.0	0.0	0.0	0.0	0.0	0.0	0.0	0.0	0.0	0.0	0.0	1.15	0.0	0.0	1.02	0.0	0.0	0.0	0.0	0.0	0.0	0.0	2.95	8.41	0.0	5.23	0.0	0.0	0.0
T002	sul1	0.0	53.63	0.0	28.23	0.0	0.0	0.0	0.0	0.0	30.46	0.0	13.38	0.0	0.0	0.0	0.0	0.0	0.0	0.0	0.0	1.65	0.0	0.0	0.0	0.0	0.0	0.0	24.67	0.0	0.0	0.0	0.0	0.0	0.0	0.0	7.33	0.0	0.0	0.0	0.0	0.0	0.0	0.0	0.0	0.0	0.0	0.0	0.0	0.0	0.0	0.0	0.0	0.0	0.0	0.0	0.0	0.0	0.0	0.0	0.0
T003	carbohydrate_transport	0.0	0.0	0.0	0.0	0.0	0.0	0.0	28.46	0.0	0.0	0.0	0.0	0.0	0.0	7.15	18.53	11.97	0.0	0.0	18.88	2.51	0.0	0.0	0.0	0.0	32.77	22.27	0.0	0.0	0.0	0.0	8.67	0.0	0.0	0.0	8.53	0.0	0.0	8.06	0.0	0.0	0.0	0.0	0.0	3.41	0.0	0.0	0.0	5.82	0.0	0.0	0.0	6.17	0.0	0.0	0.0	0.0	0.0	0.0	0.0
T003	amino_acid_fermentation	0.0	0.0	0.0	36.15	10.22	0.0	0.0	68.17	7.17	0.0	0.0	16.35	0.0	0.0	0.0	0.0	0.0	0.0	0.0	0.0	0.0	0.0	0.0	20.0	0.0	0.0	1.58	18.26	0.0	26.16	3.15	0.0	0.0	0.0	0.0	0.0	0.0	0.0	0.0	0.0	14.88	0.0	0.0	0.0	0.0	0.0	5.48	9.34	7.15	4.98	0.0	0.0	0.0	0.0	0.0	0.0	0.0	0.0	0.0	0.0
T003	tetM	0.0	17.26	0.0	0.0	5.68	51.47	0.0	0.0	0.0	0.0	0.0	0.0	0.0	0.0	3.18	0.0	0.0	0.0	0.0	0.0	0.0	0.0	0.0	50.75	0.0	0.0	0.0	26.99	0.0	35.75	0.0	2.59	0.0	0.0	0.0	0.0	0.0	6.24	0.0	0.0	0.0	0.0	0.0	0.0	0.0	0.0	0.0	0.0	0.0	0.0	0.0	0.0	0.0	0.0	0.0	0.0	0.0	0.0	0.0	0.0
T003	ermB	0.0	0.0	0.0	0.0	0.0	28.83	0.0	61.4	0.0	0.0	0.0	30.26	0.0	0.0	0.0	0.0	0.0	0.0	2.4	0.0	9.88	0.0	7.33	0.0	0.0	0.0	0.0	0.0	0.0	19.98	0.0	3.86	0.0	0.0	0.0	0.0	0.0	0.0	0.0	3.04	0.0	0.0	0.0	0.0	0.0	0.0	0.0	0.0	0.0	0.0	3.25	0.0	0.0	0.0	0.0	0.0	0.0	2.55	0.0	0.0
T003	vanA	6.56	0.0	0.0	0.0	0.0	0.0	0.0	0.0	0.0	0.0	0.0	0.0	0.0	0.0	0.0	0.0	0.0	0.0	0.0	0.0	1.05	0.0	0.0	0.0	16.85	0.0	0.0	0.0	0.0	0.0	0.0	0.0	0.0	0.0	2.42	0.0	1.96	0.0	0.0	0.0	0.0	0.0	0.0	0.0	0.0	1.04	0.0	0.0	0.0	0.0	1.35	0.0	0.0	1.92	0.0	0.0	0.0	0.0	0.0	0.0
T004	beta_glucosidase	0.0	0.0	0.0	0.0	3.29	7.68	22.46	21.9	0.0	0.0	4.15	11.72	8.25	0.0	7.99	0.0	11.04	0.0	0.0	11.71	0.0	5.9	0.0	0.0	0.0	0.0	4.04	0.0	0.0	4.18	0.0	0.0	0.0	14.69	0.0	17.26	13.42	0.0	0.0	0.0	0.0	14.88	0.0	18.43	0.0	0.0	0.0	0.0	8.97	0.0	12.44	0.0	0.0	26.32	20.4	0.0	4.95	4.4	0.0	9.11
T004	mucin_glycosidase	0.0	0.0	9.03	0.0	4.32	0.0	0.0	0.0	0.0	3.49	0.0	0.0	0.0	0.0	0.0	0.0	0.0	1.41	2.91	0.0	0.0	0.0	0.0	0.0	0.0	0.0	0.0	0.0	0.0	0.0	0.0	0.0	8.97	9.06	0.0	0.0	0.0	0.0	4.41	0.0	0.0	0.0	0.0	4.13	0.0	4.87	0.0	4.44	0.0	0.0	0.0	0.0	2.36	0.0	0.0	0.0	0.0	0.0	0.0	2.27
T004	carbohydrate_transport	0.0	0.0	0.0	0.0	3.13	0.0	6.29	0.0	4.37	0.0	0.0	0.0	2.65	1.75	3.95	0.0	0.0	0.0	0.0	0.0	6.05	3.04	0.0	2.44	0.0	0.0	0.0	2.1	0.0	0.0	1.79	2.6	0.0	0.0	0.0	5.25	7.28	0.0	0.0	0.0	3.82	0.0	0.0	0.0	0.0	0.0	11.34	0.0	0.0	0.0	0.0	7.91	0.0	0.0	0.0	3.48	0.0	0.0	0.0	3.97
T004	folate_biosynthesis	0.0	0.0	6.42	0.0	2.17	2.61	5.86	0.0	0.0	0.0	2.2	0.0	3.07	0.0	0.0	0.0	0.0	6.34	9.39	0.0	0.0	1.55	0.0	0.0	10.03	0.0	0.0	0.0	0.0	0.0	5.24	0.0	0.0	0.0	3.32	0.0	8.2	0.0	0.0	0.0	0.0	18.03	5.47	2.54	0.0	0.0	4.16	0.0	0.0	0.0	7.51	0.0	0.0	5.01	4.09	7.59	1.38	4.75	0.0	12.79
T004	tetM	0.0	0.0	0.0	2.34	0.0	0.0	0.0	0.0	0.0	0.0	0.0	0.0	0.0	0.0	0.0	0.0	12.29	0.0	3.69	0.0	0.0	0.0	0.0	1.71	7.2	0.0	0.0	0.0	0.0	0.0	0.0	0.0	0.0	0.0	0.0	0.0	0.0	0.0	0.0	8.48	0.0	0.0	6.23	0.0	0.0	0.0	0.0	4.31	0.0	0.0	0.0	0.0	0.0	0.0	0.0	0.0	3.68	0.0	9.35	1.39
T005	beta_glucosidase	29.81	5.35	0.0	0.0	0.0	5.21	0.0	0.0	0.0	0.0	7.51	6.62	0.0	0.0	0.0	0.0	10.6	0.0	4.03	0.0	4.6	3.33	0.0	0.0	8.1	0.0	0.0	0.0	15.22	5.35	17.39	0.0	0.0	0.0	4.68	0.0	0.0	0.0	19.64	0.0	0.0	0.0	0.0	27.73	4.98	5.28	0.0	0.0	0.0	0.0	0.0	0.0	0.0	0.0	0.0	0.0	0.0	6.09	0.0	0.0
T005	mucin_glycosidase	8.99	0.0	0.0	0.0	0.0	0.0	15.27	7.92	0.0	0.0	0.0	0.0	0.0	0.0	0.0	0.0	0.0	0.0	0.0	0.0	0.0	4.99	0.0	0.0	12.56	10.76	5.57	3.22	0.0	0.0	0.0	0.0	0.0	0.0	0.0	0.0	8.1	7.6	21.13	0.0	16.17	0.0	0.0	21.59	0.0	7.6	0.0	0.0	24.04	0.0	0.0	0.0	0.0	18.16	0.0	6.06	0.0	0.0	0.0	6.73
T005	carbohydrate_transport	30.98	4.4	0.0	0.0	0.0	5.42	34.56	0.0	0.0	0.0	0.0	0.0	0.0	0.0	19.52	0.0	0.0	0.0	0.0	0.0	4.09	0.0	0.0	0.0	0.0	0.0	7.22	0.0	0.0	0.0	2.78	8.64	0.0	0.0	0.0	0.0	0.0	21.25	0.0	0.0	0.0	10.9	0.0	6.01	0.0	10.13	0.0	0.0	3.31	0.0	8.25	0.0	0.0	0.0	2.91	5.77	5.07	0.0	0.0	10.09
T005	tetM	0.0	0.0	0.0	0.0	0.0	0.0	41.09	0.0	0.0	0.0	0.0	0.0	0.0	0.0	15.6	0.0	0.0	0.0	0.0	0.0	6.91	0.0	12.16	0.0	0.0	0.0	0.0	0.0	0.0	0.0	19.24	4.28	0.0	0.0	0.0	0.0	68.19	0.0	0.0	0.0	0.0	0.0	0.0	0.0	0.0	0.0	0.0	0.0	0.0	0.0	0.0	0.0	0.0	0.0	0.0	0.0	0.0	0.0	21.55	0.0
T006	butyryl_CoA_transferase	0.0	0.0	0.0	0.0	0.0	0.0	0.0	0.0	0.0	1.92	0.0	0.0	0.0	0.0	0.0	0.0	0.0	0.0	4.86	0.0	0.0	2.66	0.0	0.0	0.0	0.0	10.24	0.0	7.43	0.0	0.0	0.0	0.0	0.0	5.12	9.68	17.93	0.0	4.97	0.0	0.0	0.0	0.0	0.0	0.0	11.36	26.63	0.0	1.42	0.0	8.64	3.71	0.0	0.0	18.47	0.0	27.85	0.0	5.98	0.0
T006	butyrate_kinase	0.0	0.0	12.22	0.0	0.0	0.0	0.0	0.0	2.31	0.0	0.0	0.0	0.0	0.0	1.83	2.06	0.0	0.0	0.0	0.0	0.0	0.0	0.0	0.0	14.55	0.0	0.0	0.0	1.84	0.0	0.0	1.0	0.0	0.0	0.0	9.36	0.0	3.52	1.53	0.0	0.0	0.0	0.0	4.12	0.0	0.0	0.0	0.0	0.0	0.0	0.0	2.2	0.0	4.59	0.0	2.8	1.87	0.0	0.0	7.49
T006	beta_glucosidase	6.63	0.0	0.0	0.0	4.6	0.0	0.0	0.0	2.39	0.0	0.0	0.0	0.0	0.0	2.69	0.0	0.0	0.0	0.0	0.0	0.0	0.0	3.4	1.46	0.0	0.0	0.0	0.0	0.0	0.0	3.59	0.0	0.0	0.0	4.98	6.73	6.89	5.14	0.0	0.0	0.0	0.0	0.0	3.89	0.0	0.0	0.0	0.0	0.0	0.0	6.78	0.0	12.69	0.0	0.0	4.56	0.0	0.0	3.25	5.98
T006	folate_biosynthesis	0.0	0.0	0.0	0.0	0.0	8.36	12.41	0.0	0.0	0.0	4.02	5.88	0.0	0.0	5.23	0.0	5.68	0.0	8.37	0.0	0.0	0.0	0.0	0.0	0.0	0.0	4.76	0.0	0.0	0.0	0.0	20.42	18.09	23.97	13.06	7.93	0.0	0.0	0.0	0.0	9.06	0.0	0.0	7.72	5.47	6.13	5.69	7.18	0.0	5.9	0.0	0.0	0.0	4.74	17.37	0.0	0.0	0.0	0.0	0.0
T007	butyryl_CoA_transferase	0.0	0.0	3.43	0.0	8.6	0.0	0.0	0.0	0.0	0.0	5.86	0.68	0.0	0.0	0.0	0.0	12.07	0.0	0.0	0.0	2.63	1.18	5.97	0.0	12.15	0.0	0.0	0.0	5.66	0.0	0.0	2.92	0.0	0.0	0.0	3.16	4.76	0.0	0.0	6.36	0.0	0.0	0.0	0.0	3.76	0.0	0.0	0.0	0.0	0.0	0.0	0.0	20.18	3.2	0.0	5.41	3.85	0.0	0.0	0.0
T007	butyrate_kinase	8.74	1.94	0.0	0.0	0.0	2.85	9.89	5.42	0.0	0.0	4.42	0.0	0.0	0.0	0.0	0.0	4.96	0.0	5.15	0.0	3.76	0.0	0.0	0.0	0.0	8.08	0.0	0.0	7.06	0.0	2.31	0.0	4.89	10.25	11.01	0.0	0.0	0.0	9.72	0.0	0.0	0.0	0.0	4.77	4.07	0.0	0.0	0.0	0.0	0.0	6.5	0.0	10.43	0.0	0.0	0.0	0.0	0.0	6.34	0.0
T007	beta_glucosidase	12.24	0.0	0.0	0.0	0.0	0.0	7.59	0.0	0.0	0.0	0.0	0.0	0.0	0.0	0.0	0.0	2.89	0.0	0.0	0.0	0.0	0.0	6.69	0.0	9.35	0.0	10.68	0.0	14.98	0.0	0.0	0.0	6.38	0.0	0.0	11.3	13.97	0.0	23.5	0.0	4.15	0.0	0.0	0.0	5.17	0.0	0.0	0.0	7.1	16.28	0.0	26.09	0.0	14.64	10.29	0.0	0.0	10.62	0.0	0.0
T007	carbohydrate_transport	0.0	0.0	19.77	0.0	0.0	0.0	10.59	0.0	0.0	0.0	1.2	0.0	0.0	0.0	7.62	0.0	0.0	2.21	0.0	4.42	0.0	0.0	7.68	0.0	0.0	0.0	0.0	0.0	0.0	6.41	1.99	3.92	7.64	4.84	3.92	6.53	0.0	0.0	0.0	0.0	7.48	0.0	0.0	0.0	4.39	0.0	0.0	0.0	0.0	0.0	0.0	0.0	0.0	0.0	0.0	4.28	0.0	0.0	3.6	0.0
T008	mucin_glycosidase	0.0	3.34	0.0	0.0	0.0	0.0	7.93	0.0	7.09	3.21	0.0	0.0	3.77	0.0	0.0	0.0	0.0	0.0	9.74	0.0	0.0	2.55	5.86	0.0	0.0	0.0	0.0	0.0	0.0	3.48	2.84	0.0	0.0	0.0	2.25	0.0	0.0	10.81	36.95	3.06	0.0	0.0	4.77	0.0	0.0	0.0	4.94	0.0	0.0	5.57	6.32	0.0	16.32	0.0	0.0	10.9	0.0	6.48	0.0	0.0
T008	beta_glucosidase	2.0	0.0	0.0	0.0	0.0	0.0	2.3	2.14	0.0	0.0	2.67	0.66	0.0	0.0	3.89	0.0	0.0	5.62	2.52	1.97	5.05	0.0	0.0	0.0	1.9	2.2	0.0	0.0	2.37	1.4	0.0	0.0	9.03	0.0	0.0	0.0	0.0	0.0	3.84	0.0	8.98	0.0	0.0	0.0	0.0	1.94	3.45	5.37	0.0	6.55	0.0	3.74	0.0	1.6	2.64	1.17	1.89	0.0	12.13	2.0
T008	folate_biosynthesis	3.09	0.0	0.0	0.0	0.0	0.0	0.0	0.0	0.0	0.0	0.0	1.3	4.11	0.0	0.0	3.44	0.0	2.11	0.0	0.0	0.0	1.79	0.0	0.0	0.0	2.89	0.0	0.0	0.0	0.0	0.0	2.66	3.36	0.0	0.0	0.0	0.0	0.0	0.0	3.83	0.0	0.0	0.0	0.0	2.36	2.85	0.0	3.24	0.0	8.08	0.0	0.0	0.0	0.0	1.71	2.45	0.0	1.61	0.0	3.27
T008	carbohydrate_transport	0.0	0.0	0.0	0.0	0.0	0.0	9.41	0.0	0.0	0.0	3.3	0.0	0.0	0.0	0.0	0.0	0.0	0.0	3.5	0.0	0.0	0.0	7.18	4.59	0.0	0.0	0.0	1.51	0.0	0.0	0.0	0.0	0.0	5.02	0.0	0.0	0.0	9.23	0.0	13.26	0.0	0.0	3.47	13.24	0.0	4.52	0.0	6.37	0.0	0.0	6.85	7.86	0.0	0.0	2.64	0.0	0.0	1.89	9.14	0.0
T009	beta_glucosidase	3.82	0.0	0.0	0.0	0.0	0.0	0.0	5.17	11.48	0.0	11.0	0.0	0.0	2.49	2.79	0.0	0.0	0.0	0.0	0.0	0.0	0.0	8.78	0.0	0.0	0.0	0.0	0.0	0.0	0.0	8.23	7.27	6.19	0.0	0.0	0.0	8.28	0.0	0.0	0.0	0.0	6.11	10.41	4.6	0.0	6.07	3.62	2.69	0.0	0.0	3.87	8.98	3.66	0.0	0.0	0.0	2.36	7.45	0.0	8.89
T009	carbohydrate_transport	6.71	11.36	0.0	0.0	15.67	0.0	0.0	0.0	0.0	0.0	0.0	0.0	0.0	0.0	0.0	0.0	9.44	0.0	20.38	0.0	7.44	0.0	0.0	4.33	0.0	0.0	43.83	0.0	0.0	4.48	8.63	0.0	10.27	0.0	16.96	0.0	0.0	13.97	0.0	7.18	0.0	0.0	0.0	0.0	0.0	6.15	16.14	0.0	21.98	0.0	0.0	17.51	0.0	3.78	0.0	0.0	4.9	6.55	0.0	0.0
T009	folate_biosynthesis	0.0	0.0	0.0	0.0	0.0	0.0	10.58	0.0	0.0	0.0	0.0	0.0	0.0	0.0	5.55	0.0	0.0	0.0	0.0	0.0	16.46	0.0	51.87	0.0	0.0	0.0	9.45	3.7	0.0	0.0	31.65	12.82	0.0	0.0	19.62	0.0	0.0	6.41	15.71	3.49	0.0	0.0	5.75	0.0	0.0	0.0	0.0	9.32	23.89	13.16	0.0	0.0	0.0	0.0	0.0	25.76	0.0	22.16	0.0	0.0
T009	tetM	0.0	0.0	0.0	2.54	0.0	1.92	0.0	3.17	0.0	0.0	1.59	0.47	0.0	0.89	0.0	0.0	0.0	0.0	0.0	1.38	0.0	0.0	0.0	0.0	0.0	0.0	0.0	0.0	0.0	0.0	3.6	0.0	2.59	0.0	0.0	0.0	0.0	2.65	0.0	3.62	0.0	0.0	4.6	0.0	0.53	0.0	0.0	0.0	0.0	0.0	0.0	0.0	0.0	7.55	1.28	0.0	3.27	0.0	0.0	0.0
T010	beta_glucosidase	0.0	3.87	0.0	2.4	4.13	0.0	0.0	2.64	0.0	0.0	0.0	0.0	4.06	0.0	8.47	0.0	10.11	1.77	0.0	0.0	0.0	4.07	0.0	0.0	17.34	0.0	0.0	0.0	1.12	1.11	0.0	0.0	0.0	0.0	0.0	0.0	0.0	2.68	0.0	0.0	0.0	4.36	0.0	4.8	1.12	0.0	2.08	2.39	0.0	2.82	0.0	0.0	0.0	0.0	2.61	0.0	0.0	0.0	0.0	5.82
T010	carbohydrate_transport	2.7	0.0	7.53	0.0	3.97	0.0	0.0	0.0	0.0	0.0	0.0	2.14	5.45	0.0	0.0	0.0	0.0	0.0	0.0	0.0	0.0	0.0	0.0	0.0	5.07	0.0	0.0	1.43	0.0	5.33	5.41	5.48	0.0	0.0	0.0	0.0	7.14	0.0	0.0	0.0	0.0	5.98	0.0	0.0	0.0	0.0	0.0	0.0	3.46	0.0	0.0	0.0	0.0	0.0	0.0	0.0	0.0	2.32	0.0	0.0
T010	folate_biosynthesis	0.0	0.0	0.0	0.0	0.0	0.0	20.5	6.54	0.0	0.0	0.0	2.16	0.0	0.0	9.36	0.0	12.78	4.86	0.0	0.0	0.0	0.0	7.75	0.0	0.0	0.0	0.0	0.0	0.0	0.0	3.18	0.0	0.0	0.0	8.91	0.0	9.06	2.67	0.0	0.0	0.0	0.0	5.49	5.09	16.78	3.82	0.0	0.0	0.0	0.0	0.0	0.0	0.0	0.0	0.0	0.0	5.61	13.19	0.0	8.62
T010	amino_acid_fermentation	0.0	0.0	0.0	0.0	0.0	0.0	0.0	0.0	0.0	2.01	0.0	0.0	0.0	2.0	16.15	0.0	0.0	0.0	12.84	0.0	0.0	1.72	0.0	6.32	0.0	0.0	0.0	0.0	3.9	0.0	0.0	0.0	0.0	15.05	0.0	0.0	13.96	0.0	0.0	0.0	0.0	0.0	0.0	0.0	0.0	14.59	0.0	0.0	0.0	0.0	12.96	0.0	10.66	0.0	11.08	0.0	7.78	0.0	0.0	7.6
T011	amino_acid_fermentation	0.0	0.0	0.0	17.3	0.0	0.0	0.0	0.0	0.0	23.77	0.0	0.0	0.0	0.0	0.0	0.0	0.0	0.0	0.0	0.0	10.88	4.85	0.0	0.0	3.01	0.0	1.08	0.0	4.45	0.0	0.0	0.0	0.0	0.0	0.0	0.0	0.0	0.0	0.0	0.0	2.58	1.97	0.0	0.0	2.31	0.0	0.0	0.0	1.06	0.0	0.0	0.0	0.0	2.29	4.56	0.0	0.0	0.0	0.0	0.0
T011	carbohydrate_transport	0.0	94.66	13.77	0.0	8.35	0.0	0.0	0.0	0.0	0.0	0.0	0.0	15.3	0.0	0.0	0.0	0.0	0.0	0.0	0.0	0.0	9.16	4.71	15.92	0.0	16.26	0.0	33.74	13.05	9.74	0.0	8.68	0.0	0.0	0.0	0.0	0.0	0.0	14.34	0.0	0.0	10.72	0.0	0.0	0.0	0.0	0.0	0.0	2.98	0.0	0.0	0.0	0.0	0.0	6.73	0.0	0.0	6.13	0.0	11.66
T011	tetM	0.0	0.0	1.98	0.0	1.7	0.0	0.0	0.0	0.0	0.0	0.0	0.0	0.0	0.0	0.0	0.0	0.0	0.0	0.0	7.1	0.0	0.0	0.0	0.0	7.03	0.0	0.0	0.0	0.0	0.0	0.0	0.0	0.0	0.0	0.0	0.0	5.69	0.0	0.0	0.0	7.35	0.0	0.0	0.0	0.0	1.27	0.0	0.0	0.0	0.0	1.74	0.0	0.0	0.0	0.0	0.0	0.0	0.0	4.67	0.0
T011	ermB	0.0	0.0	0.0	0.0	0.0	0.0	0.0	0.0	0.0	0.0	0.0	0.0	0.0	18.57	0.0	12.91	0.0	25.59	0.0	0.0	0.0	0.0	0.0	0.0	0.0	12.53	0.0	34.72	0.0	22.62	0.0	3.57	0.0	0.0	6.55	0.0	0.0	0.0	5.63	0.0	0.0	0.0	0.0	0.0	2.68	0.0	0.0	0.0	0.0	2.44	0.0	0.0	0.0	0.0	0.0	5.03	0.0	0.0	0.0	0.0
T011	vanA	4.51	0.0	0.0	0.0	0.0	21.31	0.0	0.0	0.0	0.0	0.0	0.0	0.0	67.01	0.0	0.0	0.0	46.57	0.0	0.0	0.0	19.56	0.0	0.0	0.0	0.0	7.97	0.0	0.0	19.16	0.0	0.0	0.0	12.5	0.0	0.0	0.0	0.0	0.0	0.0	0.0	0.0	15.32	4.56	0.0	6.95	0.0	0.0	0.0	0.0	0.0	9.91	0.0	0.0	0.0	11.47	4.18	0.0	0.0	0.0
T012	beta_glucosidase	16.95	0.0	43.68	7.84	0.0	0.0	0.0	12.73	13.17	0.0	6.31	0.0	0.0	12.65	3.57	7.87	0.0	0.0	0.0	0.0	2.46	9.62	0.0	0.0	0.0	15.48	0.0	0.0	7.63	3.39	14.69	0.0	22.46	0.0	0.0	0.0	0.0	0.0	4.43	14.42	0.0	19.22	0.0	0.0	0.0	0.0	0.0	0.0	4.0	0.0	7.87	0.0	0.0	0.0	0.0	0.0	0.0	0.0	0.0	9.39
T012	carbohydrate_transport	6.62	0.0	8.79	16.07	0.0	0.0	21.21	0.0	15.91	0.0	0.0	0.0	9.91	0.0	15.16	0.0	0.0	0.0	0.0	0.0	11.46	0.0	0.0	2.27	0.0	0.0	0.0	0.0	0.0	0.0	0.0	0.0	0.0	50.37	0.0	0.0	0.0	0.0	0.0	0.0	0.0	0.0	0.0	0.0	6.48	0.0	0.0	0.0	0.0	0.0	8.98	10.01	15.09	0.0	7.74	15.67	0.0	11.14	0.0	11.94
T012	folate_biosynthesis	5.13	0.0	7.63	0.0	0.0	0.0	10.09	0.0	0.0	0.0	0.0	0.0	0.0	0.0	0.0	0.0	0.0	0.0	0.0	0.0	0.0	2.85	8.85	0.0	0.0	0.0	0.0	0.0	0.0	0.0	14.78	0.0	0.0	0.0	0.0	8.28	0.0	0.0	0.0	5.0	4.74	0.0	0.0	0.0	0.0	5.61	0.0	0.0	4.89	7.69	0.0	0.0	8.33	0.0	0.0	0.0	5.79	0.0	3.59	0.0
T012	amino_acid_fermentation	26.64	0.0	0.0	0.0	22.94	0.0	0.0	0.0	0.0	7.28	0.0	0.0	0.0	0.0	0.0	0.0	0.0	10.61	3.15	0.0	7.71	0.0	7.81	0.0	9.87	19.81	3.73	1.95	0.0	28.88	14.19	0.0	16.46	13.69	0.0	0.0	0.0	14.39	0.0	0.0	0.0	11.91	0.0	1.52	4.89	0.0	13.41	0.0	0.0	0.0	0.0	0.0	0.0	18.65	0.0	5.59	8.75	0.0	0.0	0.0
T013	carbohydrate_transport	0.0	39.56	0.0	0.0	0.0	0.0	0.0	0.0	0.0	0.0	0.0	0.0	0.0	0.0	0.0	42.06	0.0	76.79	0.0	32.63	0.0	41.91	0.0	0.0	0.0	0.0	0.0	0.0	0.0	23.37	4.49	14.01	25.15	0.0	0.0	0.0	0.0	0.0	0.0	17.4	0.0	0.0	0.0	0.0	17.47	0.0	0.0	0.0	0.0	0.0	0.0	0.0	0.0	0.0	0.0	5.24	0.0	4.35	0.0	0.0
T013	blaTEM	0.0	0.0	0.0	0.0	0.0	57.6	0.0	0.0	0.0	0.0	0.0	0.0	0.0	0.0	0.0	19.14	0.0	0.0	0.0	0.0	0.0	0.0	3.69	0.0	0.0	0.0	0.0	16.38	0.0	22.85	0.0	0.0	0.0	0.0	0.0	0.0	0.0	0.0	0.0	0.0	0.0	0.0	0.0	3.11	0.0	0.0	0.0	0.0	0.0	0.0	0.0	5.71	0.0	0.0	0.0	0.0	3.0	0.0	0.0	0.0
T013	sul1	3.77	0.0	0.0	0.0	7.18	0.0	7.88	0.0	0.0	0.0	0.0	0.0	0.0	0.0	0.0	0.0	0.0	0.0	0.0	0.0	0.0	0.0	0.0	0.0	15.0	0.0	0.0	0.0	0.0	0.0	0.0	0.0	0.0	0.0	0.0	0.0	0.0	15.46	0.0	0.0	0.0	0.0	0.0	0.0	7.12	0.0	8.13	0.0	5.32	0.0	0.0	0.0	0.0	0.0	0.0	0.0	0.0	6.39	0.0	0.0
